balance_typ,count_rows,sum_base_amt
F,30,1.3140985081015887E11
C,30,1.3617237355520421E11
A,30,1.284867677240221E11
P,30,1.5022586058881885E11
